"LWPdate","gxDate","Pot","Species","Treat","Photo","Cond","Ci","Trmmol","VpdL","Tleaf","CO2S","TDR","Ladd","LWP.pd","LWP.md"
2012-11-09,2012-10-31,124,"eusi","wet",19.44,0.2716,246.2,2.732,1.078,27.552,375.562,19,8,-0.18,-0.16
2012-11-09,2012-11-06,124,"eusi","wet",14.109015514,0.272636185,283.8186303,3.7721622128,1.476867446,29.757746886,381.39418336,21,1,-0.18,-0.16
2012-11-09,2012-10-31,125,"eute","wet",20.3,0.1484,142,1.898,1.32,27.798,375.984,23,1,-0.16,-1.02
2012-11-09,2012-11-06,125,"eute","wet",22.196700048,0.3582020522,255.7763327,4.3263615994,1.3264989196,29.001862336,372.3559143,20,1,-0.16,-1.02
2012-11-09,2012-10-31,126,"pira","wet",28.38,0.3254,234.6,3.382,1.09,27.984,388.228,11,48,-0.42,-1.12
2012-11-09,2012-11-06,126,"pira","wet",24.608299582,0.3192643658,251.11934912,5.1606531396,1.6877400274,29.289363098,390.56971436,18,8,-0.42,-1.12
2012-11-09,2012-11-06,127,"cacu","wet",21.587254826,0.432501175,287.66968692,6.006019398,1.502374715,29.48149109,383.1939392,12,45,-0.17,-1.01
2012-11-09,2012-10-31,127,"cacu","wet",13.82,0.0842,115.2,1.234,1.466,28.668,388.494,9,10,-0.17,-1.01
2012-11-09,2012-11-06,174,"eute","dry",8.679125383,0.0633528452,157.08463974,1.259812537,1.9789300304,30.908819198,389.32568968,6,1,-2.54,-2.98
2012-11-09,2012-10-31,174,"eute","dry",18.76,0.1768,192.2,2.186,1.286,27.266,376.858,6,23,-2.54,-2.98
2012-11-09,2012-10-31,175,"cacu","dry",11.04,0.094,188,2.02,2.144,31.254,390.562,6,23,-2.79,-3.22
2012-11-09,2012-11-06,175,"cacu","dry",0.3383136566,0.0175190352,355.88295134,0.3798934528,2.120723504,30.962626266,400.05992432,6,1,-2.79,-3.22
2012-11-09,2012-11-06,176,"pira","dry",1.2207583188,0.0137193322,246.15694384,0.287057859,2.044574028,30.632982638,399.77109988,6,1,-1.31,-1.69
2012-11-09,2012-10-31,176,"pira","dry",13.06,0.0916,147,1.486,1.626,28.916,387.398,8,5,-1.31,-1.69
2012-11-09,2012-10-31,177,"eusi","dry",19.5,0.169,177.6,1.864,1.144,26.892,376.988,6,23,-3.01,-3.52
2012-11-09,2012-11-06,177,"eusi","dry",3.7617335804,0.0292393054,179.13865904,0.5696824696,1.9187284326,30.311140442,395.86884766,5,1,-3.01,-3.52
2012-11-09,2012-10-31,216,"eusi","wet",19.16,0.2582,239,3.936,1.628,29.31816597,375.40202636,23,1,-0.25,-1.04
2012-11-09,2012-11-06,216,"eusi","wet",19.538241886,0.5269925674,310.27080734,6.6879325226,1.4116101728,27.86430092,384.24849244,22,1,-0.25,-1.04
2012-11-09,2012-11-06,217,"pira","wet",22.574510002,0.4206446886,283.72772868,5.9473726026,1.529325817,27.546690368,385.25668334,20,1,-0.3,-1.06
2012-11-09,2012-10-31,217,"pira","wet",22.08,0.2776,242,3.622,1.37,26.68283272,383.46086424,22,1,-0.3,-1.06
2012-11-09,2012-11-06,218,"cacu","wet",23.092080678,0.36181114,269.65940342,5.4678123426,1.6072262332,27.724280166,387.51723634,16,37,-0.12,-0.8
2012-11-09,2012-10-31,218,"cacu","wet",7.98,0.0922,238,1.826,1.998,29.484814832,390.13535154,18,8,-0.12,-0.8
2012-11-09,2012-11-06,219,"eute","wet",24.020101286,0.8085393786,304.3146175,6.3908074664,0.9955764998,27.20061531,368.7300537,23,1,-0.29,-0.85
2012-11-09,2012-10-31,219,"eute","wet",16.4,0.2738,271,2.398,0.942,26.358408356,379.8482666,18,8,-0.29,-0.85
2012-11-09,2012-11-06,254,"cacu","dry",1.1296649632,0.0137919754,256.57439786,0.294340516,2.107611082,28.132017898,399.35983888,6,1,-3.96,-4.8
2012-11-09,2012-10-31,254,"cacu","dry",6.2,0.0322,79.6,0.456,1.41,26.711470414,394.66794436,7,6,-3.96,-4.8
2012-11-09,2012-10-31,255,"eute","dry",15.68,0.2674,271.2,3.304,1.33,26.92447777,379.4229065,16,1,-1.45,-2.22
2012-11-09,2012-11-06,255,"eute","dry",14.819927696,0.1476710648,205.8611267,2.584004121,1.8096416338,27.885694504,382.18861084,7,1,-1.45,-2.22
2012-11-09,2012-10-31,256,"pira","dry",12.42,0.0984,167,1.98,2.04,29.688359834,384.2363037,8,5,-1.09,-1.5
2012-11-09,2012-11-06,256,"pira","dry",14.180738248,0.100822685,152.5717317,1.976336156,1.974651193,28.021725464,390.99865112,6,1,-1.09,-1.5
2012-11-09,2012-11-06,257,"eusi","dry",13.920456892,0.155444401,233.73301392,2.8267210912,1.8550554048,27.844853592,391.06453858,6,1,-1.85,-2.82
2012-11-09,2012-10-31,257,"eusi","dry",17.34,0.3174,282.6,2.794,0.948,26.078960418,382.37246094,8,5,-1.85,-2.82
2012-11-09,2012-10-31,304,"eusi","wet",23.32,0.5928,295.8,6.608,1.294,27.549697878,375.24711914,12,45,-0.27,-0.96
2012-11-09,2012-11-06,304,"eusi","wet",20.061096556,0.4957710172,292.95485564,4.8812944068,1.1339708296,27.52411156,373.4142212,16,37,-0.27,-0.96
2012-11-09,2012-11-06,305,"cacu","wet",21.81231809,0.329181699,260.6588649,4.513823897,1.4634566192,28.23658905,382.303656,14,42,-0.18,-1.4
2012-11-09,2012-10-31,305,"cacu","wet",28.06,0.4588,275.4,7.75,1.812,28.456151962,391.06083982,10,10,-0.18,-1.4
2012-11-09,2012-10-31,306,"eute","wet",23.38,0.4462,268.6,5.388,1.37,28.0665432,370.66679076,22,1,-1.75,-0.84
2012-11-09,2012-11-06,306,"eute","wet",18.588870326,0.6523871006,315.65698564,5.3456277418,0.9881063958,27.133952712,375.63684082,23,1,-1.75,-0.84
2012-11-09,2012-11-06,307,"pira","wet",16.226237926,0.2225269118,246.1826533,3.4268397904,1.6249252732,29.387294388,378.8975708,27,1,-0.25,-1.05
2012-11-09,2012-10-31,307,"pira","wet",25.66,0.29,229.4,5.642,2.024,29.367277528,388.72517698,21,1,-0.25,-1.05
2012-11-09,2012-11-06,358,"cacu","dry",8.7222906676,0.0668145208,174.18285652,1.076629267,1.6110100774,27.478131104,393.51965334,6,1,-2.25,-2.8
2012-11-09,2012-10-31,358,"cacu","dry",31.48,0.4708,263,8.742,1.998,29.320211794,389.43217162,10,1,-2.25,-2.8
2012-11-09,2012-10-31,359,"pira","dry",10.52,0.1506,268,3.422,2.294,30.161537934,395.24004518,8,5,-1.01,-1.72
2012-11-09,2012-11-06,359,"pira","dry",6.7288023238,0.0450095608,143.25326248,0.7891579572,1.7472634198,28.178622436,393.08149414,6,1,-1.01,-1.72
2012-11-09,2012-10-31,360,"eusi","dry",6.7,0.0578,194.8,1.252,2.164,29.359972764,393.93763428,7,6,-2.95,-3.9
2012-11-09,2012-11-06,360,"eusi","dry",3.6373950126,0.0342571226,214.61971302,0.6625966386,1.920238712,29.062791062,395.78171998,5,1,-2.95,-3.9
2012-11-09,2012-11-06,361,"eute","dry",14.066473424,0.1230841044,185.0094992,2.3062877202,1.9133956026,29.90989151,383.4937256,6,1,-1.35,-2.35
2012-11-09,2012-10-31,361,"eute","dry",22.28,0.4306,271.6,5.102,1.34,28.132434082,371.98286132,11,1,-1.35,-2.35
2012-11-09,2012-10-31,412,"eusi","wet",22.6,0.4592,276.4,6.328,1.56,26.5498394,373.3850281,17,30,-0.12,-0.95
2012-11-09,2012-11-06,412,"eusi","wet",23.190452546,0.4015017978,264.38469782,5.0796370198,1.3936332058,28.684165956,373.91173706,23,1,-0.12,-0.95
2012-11-09,2012-10-31,413,"cacu","wet",18.08,0.2702,264.8,5.114,1.99,26.750430298,388.15883178,20,1,-0.11,-1.4
2012-11-09,2012-11-06,413,"cacu","wet",19.871872918,0.190144197,206.24687572,3.8301223788,2.0575755542,29.905825424,389.64004516,26,1,-0.11,-1.4
2012-11-09,2012-10-31,414,"eute","wet",18.44,0.3492,274.4,5.128,1.628,26.381451414,376.30308226,11,48,-0.005,-0.88
2012-11-09,2012-11-06,414,"eute","wet",13.038945646,0.1184137412,192.2931667,2.2078804566,1.902501221,29.38256302,383.6656311,22,1,-0.005,-0.88
2012-11-09,2012-11-06,470,"eusi","dry",1.9234765236,0.0144220406,173.49786544,0.3053813322,2.0868869106,29.195423508,397.49067992,3,1,-3.33,-4.09
2012-11-09,2012-10-31,470,"eusi","dry",15.76,0.3848,297.6,5.57,1.62,26.456275178,379.5104248,7,6,-3.33,-4.09
2012-11-09,2012-10-31,472,"eute","dry",20.3,0.437,282.6,5.898,1.536,26.310949706,374.63137208,7,6,-1.74,-2.68
2012-11-09,2012-11-06,472,"eute","dry",19.555498296,0.251371094,235.2929143,3.462491171,1.469223997,28.310451128,376.45111086,3,1,-1.74,-2.68
2012-11-09,2012-11-06,473,"cacu","dry",6.861816863,0.0511127324,167.50325336,1.1069986374,2.149060422,30.067063522,394.6921875,4,1,-2.36,-3.05
2012-11-09,2012-10-31,473,"cacu","dry",15.14,0.258,281.6,4.826,1.96,26.38061905,390.93443602,8,5,-2.36,-3.05
2012-11-09,2012-10-31,516,"cacu","wet",22.34,0.3524,267.8,6.85,2.06,28.612886046,387.30532836,22,1,-1.23,-1.24
2012-11-09,2012-11-06,516,"cacu","wet",20.813707492,0.3435053912,276.92921106,4.2675689936,1.3174230292,28.222711944,387.80950316,26,1,-1.23,-1.24
2012-11-09,2012-11-06,517,"pira","wet",21.330722288,0.3001829044,258.73592546,4.3721900888,1.5299762276,28.657911302,387.45494996,26,1,-0.03,-1.59
2012-11-09,2012-10-31,517,"pira","wet",21.48,0.2334,225,5.202,2.3,29.156729124,390.13792722,27,1,-0.03,-1.59
2012-11-09,2012-11-06,518,"eusi","wet",21.661983894,0.479572888,297.28247096,5.2604481372,1.2072629492,27.37391472,383.688739,21,1,-0.31,-1
2012-11-09,2012-10-31,518,"eusi","wet",28.04,0.547,281.6,8.49,1.72,27.996778488,381.95866696,25,1,-0.31,-1
2012-11-09,2012-10-31,519,"eute","wet",20,0.4438,284,5.856,1.5,27.650578308,373.69724122,23,1,-1.15,-1.67
2012-11-09,2012-11-06,519,"eute","wet",25.626222212,0.7210518998,293.16075474,5.6628596984,0.964112913,27.731669616,367.43961184,13,45,-1.15,-1.67
2012-11-09,2012-10-31,566,"eute","dry",22.64,0.3702,254.4,4.41,1.32,26.898982238,369.8142517,11,1,-2.25,-2.9
2012-11-09,2012-11-06,566,"eute","dry",14.127526192,0.1042630634,151.7732813,1.5524813638,1.5084409468,29.617664718,381.95166628,5,1,-2.25,-2.9
2012-11-09,2012-10-31,567,"pira","dry",19.74,0.206,217.6,3.902,1.954,28.205805588,387.03786012,11,1,-0.8,-1.6
2012-11-09,2012-11-06,567,"pira","dry",13.320917524,0.098038694,161.4967954,1.5806536206,1.61382518,29.594924928,391.29369506,7,1,-0.8,-1.6
2012-11-09,2012-11-06,568,"eusi","dry",9.1358857456,0.079193848,198.05263404,1.2875291496,1.6212638896,29.694843674,393.6553894,3,1,-2.01,-3.08
2012-11-09,2012-10-31,568,"eusi","dry",18.3,0.2002,218.2,3.77,1.96,28.364032364,381.2780884,11,1,-2.01,-3.08
2012-11-09,2012-11-06,569,"cacu","dry",7.143141061,0.0645318424,206.060734,1.0193216086,1.57112686,29.494906234,393.49768676,3,1,-0.97,-2.18
2012-11-09,2012-10-31,569,"cacu","dry",15.56,0.2336,268,4,1.78,27.86626129,389.06204834,13,1,-0.97,-2.18
2012-11-09,2012-11-06,616,"eute","wet",18.977910658,0.3770262909,279.09096254,4.6204960453,1.3615467532,28.397409059,376.09016722,22,1,-1.44,-1.17
2012-11-09,2012-10-31,616,"eute","wet",21.78,0.2396,205.4,4.752,2.112,30.393235398,371.72858276,17,30,-1.44,-1.17
2012-11-09,2012-10-31,617,"eusi","wet",16.2,0.26275,264.5,4.4075,1.785,28.7074689875,379.649055475,14,42,-0.1,-1.16
2012-11-09,2012-11-06,617,"eusi","wet",18.45341569,0.3997555296,294.78593232,4.6489567532,1.2721870386,27.078510666,382.7918823,18,8,-0.1,-1.16
2012-11-09,2012-10-31,618,"cacu","wet",13.38,0.2396,282.2,3.952,1.738,27.943856048,386.65285644,17,30,-0.05,-1.17
2012-11-09,2012-11-06,618,"cacu","wet",20.368262046,0.3103637496,265.8260901,3.9798882504,1.3586035704,27.180506132,385.04349366,18,8,-0.05,-1.17
2012-11-09,2012-11-06,619,"pira","wet",17.473536502,0.405821138,305.3692027,5.3326565184,1.4152449984,27.586933134,387.91761474,23,1,-0.31,-1.23
2012-11-09,2012-10-31,619,"pira","wet",13.92,0.163,233.4,3.316,2.088,29.463082122,385.83742064,16,37,-0.31,-1.23
2012-11-09,2012-11-06,662,"eute","dry",7.2773453874,0.0390163932,77.49859621,1.1086461228,2.816430316,32.85653534,391.36660766,5,1,-1.68,-2.45
2012-11-09,2012-10-31,662,"eute","dry",15.66,0.1504,198.6,2.49,1.72,27.291241838,380.97790526,10,1,-1.68,-2.45
2012-11-09,2012-11-06,663,"eusi","dry",3.1057890462,0.0230126848,170.2683226,0.4985480042,2.133716142,30.143718336,397.51733396,6,1,-2.2,-3.22
2012-11-09,2012-10-31,663,"eusi","dry",21.86,0.4576,279.8,4.688,1.17,25.49701271,373.01384888,13,1,-2.2,-3.22
2012-11-09,2012-10-31,664,"pira","dry",11.88,0.1016,185.4,1.726,1.734,26.213101578,385.46019286,11,1,-0.89,-1.65
2012-11-09,2012-11-06,664,"pira","dry",5.4571150722,0.0331116154,121.38816582,0.7598603672,2.2592223328,30.815396498,396.5558899,5,1,-0.89,-1.65
2012-11-09,2012-10-31,665,"cacu","dry",10.98,0.118,228.2,2.234,1.926,27.442679214,390.58910522,9,1,-1.9,-2.83
2012-11-09,2012-11-06,665,"cacu","dry",8.7091535116,0.0695753476,181.65299626,1.5236179112,2.175060307,30.61727066,395.06938476,6,1,-1.9,-2.83
2012-11-20,2012-11-20,124,"eusi","wet",11.855726164,0.269461464,300.56609416,3.5427170834,1.4301200222,25.343366242,384.47224122,33,1,-0.17,-1.44
2012-11-20,2012-11-20,125,"eute","wet",14.179196472,0.1858442604,245.0298433,2.6906913316,1.5336363266,25.227085494,381.60877682,29,1,-0.125,-0.85
2012-11-20,2012-11-20,126,"pira","wet",19.737869346,0.2256600538,234.94789056,3.9193560362,1.8132900726,26.358049392,390.07586062,31,1,-0.442,-0.73
2012-11-20,2012-11-20,127,"cacu","wet",13.203016294,0.19743968,272.41038478,3.3366017212,1.7547691892,26.098326874,392.87886354,31,1,-0.4,-1.37
2012-11-20,2012-11-20,174,"eute","dry",16.930024424,0.2988238874,272.42241622,3.6607757598,1.3469695356,24.43927231,378.18901368,17,8,-0.51,-1.05
2012-11-20,2012-11-20,175,"cacu","dry",16.439099368,0.2788725516,284.56082738,4.2991845588,1.6260647472,25.370629502,392.5628845,22,1,-0.44,-1.1
2012-11-20,2012-11-20,176,"pira","dry",18.64929262,0.2059013806,231.40658404,3.0885643878,1.561658497,25.20389366,389.91881712,25,1,-0.8,-0.95
2012-11-20,2012-11-20,177,"eusi","dry",17.824998916,0.3481332644,279.82304676,3.9949489288,1.2815912188,24.259437178,377.00718994,20,1,-0.25,-0.74
2012-11-20,2012-11-20,216,"eusi","wet",14.21136933,0.2905481804,298.93880506,4.2796886852,1.5687168958,24.583590316,390.48831178,20,1,-0.166,-0.993
2012-11-20,2012-11-20,217,"pira","wet",14.447139442,0.201196146,262.27144778,3.0812252996,1.6005464786,23.952521896,390.2660095,32,1,-0.36,-0.82
2012-11-20,2012-11-20,218,"cacu","wet",15.824709896,0.2220347354,263.7729617,3.499206216,1.6503447688,24.228223802,391.44714354,32,1,-0.58,-0.8205
2012-11-20,2012-11-20,219,"eute","wet",15.28074892,0.3043073342,284.4245706,4.1395610642,1.4965762542,25.324141694,380.04158324,29,1,-0.129,-1.05
2012-11-20,2012-11-20,254,"cacu","dry",17.421721584,0.2261932782,253.4180018,3.5043703076,1.623714362,24.03251114,390.44248656,24,1,-0.264,-1
2012-11-20,2012-11-20,255,"eute","dry",16.921867096,0.2536431008,255.93812752,3.3991671538,1.4528317256,24.39529419,378.1802368,20,1,-0.25,-0.745
2012-11-20,2012-11-20,256,"pira","dry",17.09251976,0.2161650124,244.47046792,3.2729504344,1.5955300828,24.355463028,385.30010378,22,1,-0.395,-0.89
2012-11-20,2012-11-20,257,"eusi","dry",29.773975496,0.5921549568,283.78705382,6.734065542,1.2934895224,23.59139557,380.83162232,24,1,-0.18,-1.12
2012-11-20,2012-11-20,304,"eusi","wet",13.221524546,0.2072676454,267.98739224,2.2565395022,1.153433784,26.651865388,382.45303956,29.0625,1,-0.141,-0.87
2012-11-20,2012-11-20,305,"cacu","wet",16.570279257,0.2928143345,285.66299256,3.0415934503,1.10571979,24.794925309,387.91738892,28.5714285714286,1,-0.29,-0.95
2012-11-20,2012-11-20,306,"eute","wet",23.546983054,0.4292135876,265.58246924,3.9186244074,1.0396286192,25.439677428,369.96149902,29.7333333333333,1,-0.25,-0.874
2012-11-20,2012-11-20,307,"pira","wet",20.970124222,0.2860771978,255.08090472,3.3061373096,1.2196574022,26.834820176,385.53826294,29.0588235294118,4.41176470588235,-0.27,-0.97
2012-11-20,2012-11-20,358,"cacu","dry",23.821743896,0.422481063,282.03800024,4.1137502846,1.0599595506,26.09589882,385.76013184,16.1875,19.9375,-0.21,-1.04
2012-11-20,2012-11-20,359,"pira","dry",14.885045722,0.1656772718,232.62668584,1.9441697546,1.2116343476,26.286970138,387.90827026,19.5714285714286,13.1428571428571,-0.29,-0.58
2012-11-20,2012-11-20,360,"eusi","dry",13.834603176,0.2038415924,260.64497042,3.042396089,1.5819890538,25.516518782,383.56718138,17.6153846153846,16.2307692307692,-0.11,-0.824
2012-11-20,2012-11-20,361,"eute","dry",18.52327713,0.3864261258,286.12423266,3.5688302486,1.0361154516,26.253351594,377.2276062,16.75,20.5625,-0.185,-1.12
2012-11-20,2012-11-20,412,"eusi","wet",26.106100582,0.5133213486,278.66499082,6.2528842986,1.3785926968,24.399414826,376.79829714,29.0625,1,-0.28,-1.03
2012-11-20,2012-11-20,413,"cacu","wet",19.905995842,0.2422366032,234.53845288,3.6017850364,1.5818933536,24.603045272,381.57814942,28.5714285714286,1,-0.277,-0.821
2012-11-20,2012-11-20,414,"eute","wet",13.367746234,0.1157610722,183.8404169,1.9407907762,1.7366578794,24.86451645,382.92269288,29.7333333333333,1,-0.101,-0.78
2012-11-20,2012-11-20,415,"pira","wet",25.311905416,0.3149941368,238.31455992,5.0466680098,1.7148702862,25.095612716,383.72235718,29.0588235294118,4.41176470588235,-0.36,-1
2012-11-20,2012-11-20,470,"eusi","dry",17.641458302,0.277793945,260.45819458,3.9079082376,1.531762574,24.907008744,378.09226072,17.6153846153846,16.2307692307692,-0.211,-1.14
2012-11-20,2012-11-20,472,"eute","dry",18.475969448,0.2720724648,250.84732876,3.9566912774,1.582377363,25.770729068,376.31051026,16.75,20.5625,-0.23,-1.17
2012-11-20,2012-11-20,473,"cacu","dry",17.447725766,0.2622039056,260.0096439,3.7605551014,1.5411146884,24.63328781,381.63341676,16.1875,19.9375,-0.25,-0.515
2012-11-20,2012-11-20,516,"cacu","wet",18.512851062,0.308580141,273.90533424,4.1161326886,1.436564937,24.94610672,384.23843992,28.5714285714286,1,-0.23,-0.971
2012-11-20,2012-11-20,517,"pira","wet",9.016510543,0.1646272426,289.06562056,2.3368826298,1.4935569968,25.042136002,389.12990114,29.0588235294118,4.41176470588235,-0.265,-0.737
2012-11-20,2012-11-20,518,"eusi","wet",13.958807664,0.2389428538,275.0414868,3.1656221938,1.4274081576,25.23879509,382.71948852,29.0625,1,-0.4,-1.295
2012-11-20,2012-11-20,519,"eute","wet",18.655819194,0.2046764916,214.68694702,2.8637722442,1.4921275906,24.922295378,376.55377196,29.7333333333333,1,-0.168,-1
2012-11-20,2012-11-20,566,"eute","dry",22.003976346,0.431840455,273.51211864,4.517923805,1.1984285174,24.270937348,371.75804444,16.75,20.5625,-0.12,-1.263
2012-11-20,2012-11-20,567,"pira","dry",17.208133682,0.25794096,266.03960226,3.3416398302,1.380580075,23.552306366,386.28378904,19.5714285714286,13.1428571428571,-0.39,-0.88
2012-11-20,2012-11-20,568,"eusi","dry",18.726588666,0.4210032686,289.78644186,4.3507080062,1.1804739192,23.936808394,376.19421996,17.6153846153846,16.2307692307692,-0.114,-0.955
2012-11-20,2012-11-20,569,"cacu","dry",17.324957124,0.2518239912,269.73073326,3.5892933692,1.4985410126,23.736904526,392.88097532,16.1875,19.9375,-0.34,-0.96
2012-11-20,2012-11-20,616,"eute","wet",12.077882474,0.113128938,202.90899814,1.3441116162,1.2246246356,25.90289421,385.33693848,29.7333333333333,1,-0.096,-0.686
2012-11-20,2012-11-20,617,"eusi","wet",13.235339582,0.1455043642,234.45749668,1.682675657,1.1887572206,25.744598008,390.56641846,29.0625,1,-0.15,-0.923
2012-11-20,2012-11-20,618,"cacu","wet",21.859006562,0.3027031568,260.52524864,3.0496630098,1.067091404,25.7878891,388.44771118,28.5714285714286,1,-0.14,-0.6
2012-11-20,2012-11-20,619,"pira","wet",21.401158976,0.4177892712,294.2235345,4.0032796882,1.0401225998,25.62111511,388.54307252,29.0588235294118,4.41176470588235,-0.43,-1.03
2012-11-20,2012-11-20,662,"eute","dry",15.728285894,0.208196493,246.4307638,2.2687939104,1.1597806238,25.589410784,380.70108034,16.75,20.5625,-0.055,-0.675
2012-11-20,2012-11-20,663,"eusi","dry",20.165724328,0.3167913944,263.54877758,2.814608182,0.9669136884,24.619348144,378.76730956,17.6153846153846,16.2307692307692,-0.212,-1.2
2012-11-20,2012-11-20,664,"pira","dry",20.207325924,0.2903469832,264.00963376,2.8671574446,1.0495024966,24.358214188,387.4786499,19.5714285714286,13.1428571428571,-0.33,-0.93
2012-11-20,2012-11-20,665,"cacu","dry",22.000100114,0.2318546282,224.76491414,2.4831474354,1.1206188502,24.412740324,388.96826174,16.1875,19.9375,-0.167,-0.98
2012-12-19,2012-12-19,124,"eusi","wet",4.513641564,0.0374081924,192.0975031,0.601032302,1.5989830634,26.691693498,394.9628723,15,1,-0.05,-0.4
2012-12-19,2012-12-19,125,"eute","wet",11.705193544,0.1622820766,257.60655226,2.1592469078,1.3810269716,26.47159538,385.87943116,22,1,-0.05,-0.65
2012-12-19,2012-12-19,126,"pira","wet",12.125965958,0.160806827,250.72439072,1.9827575644,1.2829994272,26.760681154,384.45432128,29,1,-0.25,-1.05
2012-12-19,2012-12-19,127,"cacu","wet",16.313532174,0.2568991872,268.74842348,2.8834847398,1.1887344306,25.726885986,383.41654664,34,1,-0.15,-0.5
2012-12-19,2012-12-19,174,"eute","dry",6.9840348254,0.043952675,122.1877122,0.7364530202,1.6903962388,28.131383134,390.83980716,5.86666666666667,1,-1.15,-1.55
2012-12-19,2012-12-19,175,"cacu","dry",12.50757844,0.1062038888,186.56851774,1.4279127928,1.3598868342,26.9761261,386.56158446,3.35714285714286,1,-0.95,-1.4
2012-12-19,2012-12-19,176,"pira","dry",17.53940077,0.3683825036,289.27885928,3.442509454,1.0249870202,26.610347366,378.84155884,6.35714285714286,1,-0.25,-1
2012-12-19,2012-12-19,177,"eusi","dry",12.045909264,0.1717731942,259.57189154,2.0804158108,1.2582009186,26.84401436,384.14584962,5.125,1,-0.3,-0.55
2012-12-19,2012-12-19,216,"eusi","wet",12.6129714234,0.2440769771,278.09957993,2.6974166475,1.2361149169,26.693037798,382.99144592,30,1,-0.15,-0.75
2012-12-19,2012-12-19,217,"pira","wet",11.474658668,0.1539715312,255.78460082,2.0484150696,1.3767766638,26.31028023,387.82895508,29,1,-0.15,-0.7
2012-12-19,2012-12-19,218,"cacu","wet",15.495976254,0.2138972574,258.43562994,2.7624602976,1.3411602028,26.237444308,387.056073,20,1,-0.1,-0.5
2012-12-19,2012-12-19,219,"eute","wet",15.400429676,0.1996530478,242.89930522,2.6464696014,1.3911233602,27.002235412,380.75755006,32,1,-0.1,-0.4
2012-12-19,2012-12-19,254,"cacu","dry",3.1025535186,0.021690081,158.03893414,0.363752482,1.6526043632,27.981098936,395.68374634,3.35714285714286,1,-1.7,-2.15
2012-12-19,2012-12-19,255,"eute","dry",15.82171939,0.2572203208,265.6341087,3.1395605598,1.30100793,27.930044174,378.4682068,5.86666666666667,1,-0.3,-1
2012-12-19,2012-12-19,256,"pira","dry",10.691827424,0.0953424592,193.9237742,1.3893897354,1.4755046872,27.662509158,385.59003296,6.35714285714286,1,-0.6,-1.25
2012-12-19,2012-12-19,257,"eusi","dry",9.4490682916,0.0689906998,162.80083268,1.1100202318,1.6021431536,27.877176666,392.42478026,5.125,1,-0.75,-2.75
2012-12-19,2012-12-19,304,"eusi","wet",16.561459694,0.425483544,305.55732,3.7423674992,0.9776224496,27.388821028,380.65523682,32,1,-0.1,-0.7
2012-12-19,2012-12-19,305,"cacu","wet",18.189418672,0.2638925526,259.52033528,2.9898820866,1.1892298134,27.731196594,383.12886964,13,1,-0.3,-0.65
2012-12-19,2012-12-19,306,"eute","wet",16.696159666,0.4076584546,299.91205676,3.5158470562,0.9626655678,27.290183258,378.75427246,31,1,-0.05,-0.6
2012-12-19,2012-12-19,307,"pira","wet",15.920999972,0.2372865672,274.231229,3.1091707986,1.3459355286,27.798540878,393.64244994,34,1,-0.15,-0.85
2012-12-19,2012-12-19,358,"cacu","dry",15.992387394,0.2634081466,277.59352722,2.8483604274,1.1338170548,26.512054826,386.72263184,3.35714285714286,1,-0.3,-1.15
2012-12-19,2012-12-19,359,"pira","dry",10.947713682,0.0917695766,193.88511706,1.2590259498,1.3720758648,26.849160004,394.76073608,6.35714285714286,1,-0.5,-0.8
2012-12-19,2012-12-19,360,"eusi","dry",12.703677624,0.130245003,220.83548664,1.752768973,1.3651661506,27.46123276,388.64033814,5.125,1,-0.65,-1.9
2012-12-19,2012-12-19,361,"eute","dry",6.6668920696,0.0480149874,160.11356048,0.7146178218,1.4787153282,28.08669777,392.15754394,5.86666666666667,1,-1.85,-2.4
2012-12-19,2012-12-19,412,"eusi","wet",24.740840784,0.8763541706,310.65431252,5.3136532044,0.7652019162,25.361439894,371.0208313,27,1,-0.45,-0.8
2012-12-19,2012-12-19,413,"cacu","wet",16.93181702,0.1970995824,240.72035588,2.244482765,1.1694203196,26.313053894,389.72868042,7,1,-0.15,-0.75
2012-12-19,2012-12-19,414,"eute","wet",10.610286662,0.151349036,264.06212598,1.800418011,1.230827501,25.916299438,387.83538816,31,1,-0.05,-0.75
2012-12-19,2012-12-19,415,"pira","wet",11.993187148,0.2644816174,303.73438112,2.6780438094,1.0752465872,25.338518142,387.28286744,30,1,-0.15,-0.8
2012-12-19,2012-12-19,470,"eusi","dry",18.266197088,0.3524357678,283.3187138,3.2205062536,1.0006783254,25.522728728,379.74916382,5.125,1,-0.55,-2
2012-12-19,2012-12-19,472,"eute","dry",8.954991026,0.0830561282,206.72121354,1.112552438,1.3545466984,26.170835878,390.10850218,5.86666666666667,1,-1,-1.95
2012-12-19,2012-12-19,473,"cacu","dry",3.7409157788,0.0216097938,113.92753736,0.3026129996,1.3840733896,25.83218727,397.91539306,3.35714285714286,1,-1.55,-2.05
2012-12-19,2012-12-19,516,"cacu","wet",18.742274628,0.3664717352,285.519063,3.5664487544,1.0576524268,27.179358674,380.861969,32,1,-0.15,-0.78
2012-12-19,2012-12-19,517,"pira","wet",10.067960898,0.1736908738,285.88419758,2.2354201282,1.32985226,26.48579216,390.10995484,29,1,-0.35,-1.1
2012-12-19,2012-12-19,518,"eusi","wet",11.557736768,0.2243293516,292.59535246,2.7087231818,1.2707634004,26.3090374,387.10363158,32,1,-0.1,-0.65
2012-12-19,2012-12-19,519,"eute","wet",16.165392862,0.265195623,268.91752368,2.73501302,1.1008495022,27.78091011,380.02819822,25,1,-0.05,-0.7
2012-12-19,2012-12-19,566,"eute","dry",9.0957988488,0.063992155,150.75765398,1.0163607152,1.5885073608,28.289765166,389.56773072,4,1,-1.25,-1.95
2012-12-19,2012-12-19,567,"pira","dry",6.9149034436,0.0512072868,171.01196718,0.8299058806,1.6093933766,27.266622924,396.79107668,5,1,-0.7,-1.4
2012-12-19,2012-12-19,568,"eusi","dry",9.4913303576,0.0837206946,201.29108958,1.2034596298,1.4429287754,26.53672981,393.14648436,3,1,-0.75,-2.2
2012-12-19,2012-12-19,569,"cacu","dry",8.4296457336,0.0731321032,197.658956,0.984620959,1.3475585988,27.215159226,392.07886352,4,1,-0.75,-1.25
2012-12-19,2012-12-19,616,"eute","wet",9.82235685725,0.09900937325,220.154278675,0.840004862,0.86053496925,25.95241976,387.888496375,33,1,-0.1,-1.05
2012-12-19,2012-12-19,617,"eusi","wet",10.3829927716667,0.141080558,260.074417466667,1.27335464933333,0.927982765333333,26.4391778316667,387.713979083333,30,1,-0.1,-0.65
2012-12-19,2012-12-19,618,"cacu","wet",20.373896684,0.3988589142,290.76782648,2.9225236148,0.7947215462,26.065919112,384.32437746,21,1,-0.2,-0.55
2012-12-19,2012-12-19,619,"pira","wet",21.358013524,0.80698485,324.1275777,4.3336855682,0.6888218334,25.87665863,382.38376464,25,1,-0.2,0
2012-12-19,2012-12-19,662,"eute","dry",13.26685397,0.1552181538,235.46345342,1.4327268284,0.9598898268,26.343254088,384.46362306,3,1,-0.25,-1.2
2012-12-19,2012-12-19,663,"eusi","dry",16.861576046,0.1867292944,221.98712638,1.742350913,0.9735605416,26.749720766,379.3470215,4,1,-0.9,-2.25
2012-12-19,2012-12-19,664,"pira","dry",14.24476765,0.1394153888,210.04570234,1.6769695572,1.229049971,27.712419512,385.7397583,3,1,-0.5,-1.2
2012-12-19,2012-12-19,665,"cacu","dry",8.3026857932,0.0621968494,172.25002392,0.729739351,1.168592822,26.8292305,394.29440308,4,1,-1.35,-2.05
2013-01-23,2013-01-23,124,"eusi","wet",14.760224402,0.3053107162,290.16507994,3.6825996536,1.3168891472,25.59691467,381.7169983,34,1,-0.14,-1.154
2013-01-23,2013-01-23,125,"eute","wet",19.166221566,0.3564451748,273.10498688,4.0533494668,1.2610328828,25.731048584,374.91212158,25,1,-0.21,-1.2
2013-01-23,2013-01-23,126,"pira","wet",15.485835502,0.2422807948,266.29715962,3.2702602762,1.4286008186,25.993759918,382.48330688,33,1,-0.61,-0.49
2013-01-23,2013-01-23,127,"cacu","wet",12.93778598,0.1634075586,254.01247394,2.4712178518,1.5520312072,25.358298112,393.04828492,19,1,-0.27,-1.038
2013-01-23,2013-01-23,174,"eute","dry",22.533577374,0.2863422702,229.13320032,3.579126473,1.3565969496,25.60453148,372.44926756,25,1,-0.2,-0.68
2013-01-23,2013-01-23,175,"cacu","dry",19.137384946,0.33844884,274.33551468,3.9397308774,1.2670875792,25.016377256,379.42788696,16,1,-0.37,-1.166
2013-01-23,2013-01-23,176,"pira","dry",14.593255044,0.2913021288,291.35513508,3.5332695008,1.303286101,25.021061324,384.6654358,21,1,-0.41,-1.196
2013-01-23,2013-01-23,177,"eusi","dry",25.153617816,0.4269166824,256.77560918,4.2656316268,1.1310267844,26.041990664,368.82471922,16,1,-0.22,-0.588
2013-01-23,2013-01-23,216,"eusi","wet",16.240177456,0.2858742588,278.92687682,2.8326297236,1.0581972406,26.637714768,382.23844604,21,1,-0.3,-1.16
2013-01-23,2013-01-23,217,"pira","wet",12.566572756,0.248524404,296.62558198,2.9585910662,1.2498587372,26.174718476,389.0633606,28,1,-0.37,-0.82
2013-01-23,2013-01-23,218,"cacu","wet",19.253320092,0.3442298202,276.8956355,3.2036384382,1.012237355,25.45885811,379.75858152,23,1,-0.22,-0.642
2013-01-23,2013-01-23,219,"eute","wet",22.08621734,0.4753863678,281.359456,3.9720703646,0.9565276058,27.178495026,371.33716432,28,1,-0.5,-0.84
2013-01-23,2013-01-23,254,"cacu","dry",16.680875636,0.2054216284,242.2877083,2.384129844,1.2098787632,25.796758652,384.86018674,15,8,-0.19,-1.14
2013-01-23,2013-01-23,255,"eute","dry",20.695279538,0.3632347496,267.4748563,3.5276030514,1.077077859,26.129438402,374.14891358,15,8,-0.41,-1.17
2013-01-23,2013-01-23,256,"pira","dry",15.929192692,0.2943267646,287.40241302,3.2889249904,1.1853381192,26.602919768,386.29556884,16,1,-0.62,-0.54
2013-01-23,2013-01-23,257,"eusi","dry",18.701798004,0.3616087174,284.67265922,3.2034411142,0.9679398762,25.460714722,380.39483032,15,8,-0.25,-1.18
2013-01-23,2013-01-23,304,"eusi","wet",17.679828112,0.5398028358,314.29463268,4.7122419516,0.9983387012,26.508979034,379.6140747,34,1,-0.22,-0.663
2013-01-23,2013-01-23,305,"cacu","wet",21.152227354,0.3516787296,277.08956356,3.9934372726,1.210348895,26.633100892,386.76173096,7,48,-0.34,-0.741
2013-01-23,2013-01-23,306,"eute","wet",18.454197928,0.6907759042,317.97373858,4.9351070058,0.871449694,26.612083434,374.40162964,34,1,-0.29,-0.71
2013-01-23,2013-01-23,307,"pira","wet",14.847502418,0.2396360336,271.34005764,2.8177726288,1.2400886664,26.700575256,383.22006224,35,1,-0.41,-0.97
2013-01-23,2013-01-23,358,"cacu","dry",17.541307394,0.2984368124,276.9038749,3.5513923964,1.2633961518,26.801273344,384.13657838,20,1,-0.31,-0.92
2013-01-23,2013-01-23,359,"pira","dry",13.98390841,0.1926332442,255.59581244,2.4549828134,1.3262239206,26.893969726,384.44106446,17,1,-0.45,-1.01
2013-01-23,2013-01-23,360,"eusi","dry",16.650178742,0.3176880654,284.71232576,3.2879903414,1.1151775862,26.710819246,381.49920654,24,1,-0.2,-0.727
2013-01-23,2013-01-23,361,"eute","dry",22.220062128,0.4467203128,276.1921433,3.9655166116,1.0087756886,26.619358446,371.7164856,11,37,-0.21,-0.9
2013-01-23,2013-01-23,412,"eusi","wet",26.381184224,0.8226119544,299.34102374,4.4745618,0.6899296898,25.00644226,366.99816894,19,1,-0.29,-0.961
2013-01-23,2013-01-23,413,"cacu","wet",14.046614636,0.1969231034,254.12404894,2.0908987354,1.1159766786,26.43697281,380.74163816,22,1,-0.25,-0.635
2013-01-23,2013-01-23,414,"eute","wet",16.63290508,0.3985426768,298.11205276,3.4758749152,0.977279774,26.17891388,378.19620358,38,1,-0.29,-1.08
2013-01-23,2013-01-23,415,"pira","wet",12.480462448,0.2406586332,289.94327672,2.6313356668,1.1611462228,26.215542222,384.90366212,32,1,-0.45,-0.9
2013-01-23,2013-01-23,470,"eusi","dry",17.376621326,0.295105597,269.71445608,2.7979848262,1.029701898,25.714513396,377.65659182,19.925,4.775,-0.25,-0.92
2013-01-23,2013-01-23,472,"eute","dry",11.449646462,0.2256134848,291.85812658,2.4069099586,1.1330253126,26.050426102,384.77288208,11,37,-0.204,-0.755
2013-01-23,2013-01-23,473,"cacu","dry",18.035145066,0.2952531724,269.54406424,2.677302406,0.9715000116,26.08153801,379.88773806,19,1,-0.25,-0.88
2013-01-23,2013-01-23,516,"cacu","wet",18.885419886,0.2638198368,262.89499482,2.991214145,1.1839728796,25.646876146,389.56513674,23,1,-0.24,-0.658
2013-01-23,2013-01-23,517,"pira","wet",10.93524681,0.1604958738,270.23477608,1.9748651638,1.2634294124,26.12551956,390.01820068,30,1,-0.45,-1.108
2013-01-23,2013-01-23,518,"eusi","wet",21.567530944,0.3528890186,269.67923184,3.3636268396,1.0274570514,25.425379182,380.77576294,25,1,-0.15,-0.718
2013-01-23,2013-01-23,519,"eute","wet",20.755517206,0.48505258,288.96975838,3.8875628184,0.9225509776,25.802146528,372.30654904,32,1,-0.35,-0.852
2013-01-23,2013-01-23,566,"eute","dry",19.202141244,0.558893214,305.91397562,4.2029759516,0.883898226,26.273295974,374.9358887,16,1,-0.21,-1.8
2013-01-23,2013-01-23,567,"pira","dry",17.601971322,0.3200705656,286.08542594,3.399125538,1.1284453508,26.60406685,386.30986328,14,8,-0.5,-0.87
2013-01-23,2013-01-23,568,"eusi","dry",19.87259119,0.3220794386,266.2770513,2.9806685386,0.9991467996,26.10201416,378.47599486,17,1,-0.175,-0.7
2013-01-23,2013-01-23,569,"cacu","dry",19.70412775,0.3267809338,280.32847458,3.619056136,1.171597272,25.845121002,389.28388672,21,1,-0.25,-1.123
2013-01-23,2013-01-23,616,"eute","wet",13.537451526,0.3837552456,314.00484576,3.28330438,0.9553108962,25.630791476,382.29443358,26,1,-0.25,-1
2013-01-23,2013-01-23,617,"eusi","wet",15.56925904,0.231350751,266.66348984,2.833528076,1.2790048076,26.700432968,386.8196228,28,1,-0.175,-0.98
2013-01-23,2013-01-23,618,"cacu","wet",21.994571818,0.4144548762,288.8094172,4.2814776968,1.114581323,26.160297774,386.82905272,25,1,-0.2,-0.667
2013-01-23,2013-01-23,619,"pira","wet",14.605811818,0.2793489272,291.85505576,2.9942176736,1.1337111608,26.384142684,387.1601196,27,1,-0.39,-1.005
2013-01-23,2013-01-23,662,"eute","dry",18.259273224,0.2420034622,241.21460974,2.7254069404,1.1998279354,27.197146988,376.71677246,15,8,-0.25,-1.08
2013-01-23,2013-01-23,663,"eusi","dry",21.365681706,0.2848818854,239.63353592,2.8540831912,1.074487815,27.183487318,374.51276856,14,8,-0.25,-0.87
2013-01-23,2013-01-23,664,"pira","dry",17.646226138,0.2570738422,267.56218754,2.8175870326,1.1416394752,26.738803098,389.10987548,14,8,-0.4,-0.83
2013-01-23,2013-01-23,665,"cacu","dry",26.869397422,0.420361432,268.9342803,4.3804924022,1.122389546,26.550333786,385.52214356,11,37,-0.31,-0.942
2013-02-20,2013-02-20,124,"eusi","wet",14.72543611,0.3075276742,295.54510682,2.905477654,1.0132121026,28.027848436,383.85910036,32,1,-0.07,-0.67
2013-02-20,2013-02-20,125,"eute","wet",13.816392498,0.301423744,296.59050904,2.7335392196,0.9854712568,27.046707154,381.96528932,30,1,-0.03,-0.45
2013-02-20,2013-02-20,126,"pira","wet",15.595442684,0.5526406212,327.21651928,3.5405649326,0.7360011048,26.092168806,383.04971922,3,1,-0.18,-1.07
2013-02-20,2013-02-20,127,"cacu","wet",17.2317420275,0.24760316275,258.162353975,2.06510742575,0.8790887235,27.9234447475,381.26114655,20,1,-0.15,-0.95
2013-02-20,2013-02-20,174,"eute","dry",29.799824124,0.6070787848,266.3131535,4.0198070722,0.7905000278,25.843289564,363.1732361,12,1,-0.08,-1.12
2013-02-20,2013-02-20,175,"cacu","dry",8.6761443484,0.0724558486,195.35585678,0.9100079452,1.2581266072,26.529925156,395.84907838,11,1,-0.57,-1.08
2013-02-20,2013-02-20,176,"pira","dry",8.8381827848,0.0863445494,216.21989982,0.9806211918,1.1528654596,26.531871032,390.08165894,11,1,-0.16,-1.54
2013-02-20,2013-02-20,177,"eusi","dry",7.680832327,0.0611288116,180.6828127,0.8228093542,1.3519336664,27.482266238,391.70720828,10,1,-0.34,-0.79
2013-02-20,2013-02-20,216,"eusi","wet",17.31008139,0.380057986,298.82329066,5.2603001212,1.493949113,27.19283638,385.92770996,31,1,-0.357,-1.07
2013-02-20,2013-02-20,217,"pira","wet",14.318553078,0.3622226934,311.38823046,3.0504386742,0.9123792072,26.5609066,385.27767944,32,1,-0.238,-0.73
2013-02-20,2013-02-20,218,"cacu","wet",17.66771094,0.3300220268,283.40346522,2.6456057406,0.8664210922,26.918641662,381.0696106,6,45,-0.35,-0.72
2013-02-20,2013-02-20,219,"eute","wet",17.791582504,0.6608204456,317.29348422,6.3382871772,1.1611741368,27.457387926,375.32712402,33,1,-0.069,-1.62
2013-02-20,2013-02-20,254,"cacu","dry",9.0616926234,0.073056068,182.8027277,0.8073749748,1.1113874124,26.345041274,390.11860964,14,1,-0.602,-0.93
2013-02-20,2013-02-20,255,"eute","dry",10.167314646,0.0838839476,182.05337492,1.0367633406,1.2510994302,27.135504148,386.6538574,14,1,-0.48,-1.14
2013-02-20,2013-02-20,256,"pira","dry",8.3344380474,0.0585869864,157.85966334,0.8228096406,1.3988750968,28.030376054,394.4987732,16,1,-0.726,-0.86
2013-02-20,2013-02-20,257,"eusi","dry",10.544034916,0.0998501062,210.76635044,1.5371009626,1.5543753324,27.859124756,391.19307254,14,1,-1.09,-1.62
2013-02-20,2013-02-20,304,"eusi","wet",13.64996618,0.4930424906,328.05256678,4.7244754188,1.0824808322,27.462199784,384.21481932,32,1,-0.302,-0.93
2013-02-20,2013-02-20,305,"cacu","wet",15.532918334,0.321654726,295.75360804,3.8111804482,1.2653976154,27.417568588,385.67947388,5,48,-0.321,-0.72
2013-02-20,2013-02-20,306,"eute","wet",18.378398246,0.46618223,301.2264861,3.2538741534,0.7968969486,27.408562088,377.49188842,36,1,-0.103,-1.16
2013-02-20,2013-02-20,307,"pira","wet",15.501521466,0.2012636724,251.12523468,1.8070007374,0.9307515732,27.933938598,385.22498172,34,1,-0.343,-0.8
2013-02-20,2013-02-20,358,"cacu","dry",17.258094572,0.2318719922,253.5032382,2.1525475394,0.9724529484,26.969805148,384.35476684,9,1,-0.358,-0.59
2013-02-20,2013-02-20,359,"pira","dry",13.605754946,0.2351047048,286.1106015,2.3455299736,1.0417983738,27.29662323,389.40047606,19,1,-0.343,-0.95
2013-02-20,2013-02-20,360,"eusi","dry",18.966645604,0.4647184334,303.39294494,2.9152677554,0.7039113118,26.07462349,380.4666809,20,1,-0.278,-0.91
2013-02-20,2013-02-20,361,"eute","dry",20.719968088,0.3845839504,274.34253478,2.8632982608,0.830602494,26.451257322,374.85491946,12,1,-0.26,-0.48
2013-02-20,2013-02-20,412,"eusi","wet",22.931256516,0.7266769026,306.67585874,5.1048515092,0.8611573234,25.872867202,372.43790284,30.8333333333333,1.21428571428571,-0.35,-1.5
2013-02-20,2013-02-20,413,"cacu","wet",8.0887735194,0.0833369228,228.22344336,1.2535443564,1.5153569372,26.579506302,394.14901734,21,1,-0.225,-0.71
2013-02-20,2013-02-20,414,"eute","wet",13.1637614,0.3439486504,309.55856202,3.4811541726,1.1176251342,25.728747938,383.33668212,26,1,-0.104,-0.36
2013-02-20,2013-02-20,415,"pira","wet",18.981893078,0.4760921014,309.88980676,4.751283505,1.101335501,26.007852172,386.42053834,20,1,-0.223,-0.86
2013-02-20,2013-02-20,470,"eusi","dry",9.0710292052,0.0894858956,216.0867465,1.2463152182,1.4144262342,26.791319272,389.58460084,7,1,-0.62,-1.05
2013-02-20,2013-02-20,472,"eute","dry",13.108393074,0.204496139,269.10732152,2.3523394954,1.2129099996,26.817113114,384.37802734,7,1,-0.384,-0.61
2013-02-20,2013-02-20,473,"cacu","dry",8.5689729356,0.0978014076,244.6326381,1.2894848628,1.3312736882,26.297789764,394.69019164,7,1,-0.601,-0.72
2013-02-20,2013-02-20,516,"cacu","wet",15.059956016,0.2157146908,265.53259152,2.0164994644,0.9730138922,26.342728426,387.9142029,23,1,-0.05,-0.56
2013-02-20,2013-02-20,517,"pira","wet",11.99112627,0.2885773458,311.14056896,2.4934508188,0.9243451562,26.516469956,387.83041992,31,1,-0.02,-0.94
2013-02-20,2013-02-20,518,"eusi","wet",16.587721436,0.3766848072,298.62933506,3.4195652518,0.9924787122,27.905167008,381.4422058,32,1,-0.08,-0.83
2013-02-20,2013-02-20,519,"eute","wet",19.289969078,0.3929617488,281.37531654,3.2337859952,0.9198913166,27.059767914,374.04861448,32,1,-0.03,-0.81
2013-02-20,2013-02-20,566,"eute","dry",10.262641928,0.0742448544,154.88000552,0.831893144,1.1268499354,28.5080101,385.98845214,7,1,-0.21,-1.13
2013-02-20,2013-02-20,567,"pira","dry",10.58870962,0.0787734068,166.73251944,0.951676515,1.2133725594,27.1203907,391.19548952,7,1,-0.23,-1.13
2013-02-20,2013-02-20,568,"eusi","dry",9.651712924,0.0864291446,204.53484238,1.0950303956,1.2746116856,27.40838394,392.94299928,5,6,-1.99,-3.38
2013-02-20,2013-02-20,569,"cacu","dry",9.57449604,0.108740613,240.76165248,0.9437472584,0.8791570394,27.775001146,390.17341312,9,1,-0.39,-0.82
2013-02-20,2013-02-20,616,"eute","wet",9.6478020668,0.1396293088,263.98135272,2.1541055792,1.5964017586,26.762714386,387.56857908,34,1,-0.05,-0.58
2013-02-20,2013-02-20,618,"cacu","wet",27.3786822,0.3141783768,231.9631433,4.8730629454,1.633648698,27.048036578,387.69260864,21,1,-0.06,-0.89
2013-02-20,2013-02-20,619,"pira","wet",24.47208694,0.4019889398,266.21947158,4.4131076568,1.196600509,26.998839568,378.83018796,20,1,-0.36,-0.76
2013-02-20,2013-02-20,662,"eute","dry",18.789509058,0.177275285,191.00660886,2.6687767778,1.5715119776,28.35062523,376.86050414,8,1,-0.07,-0.74
2013-02-20,2013-02-20,663,"eusi","dry",13.700403838,0.1074804666,170.29889646,1.8129155302,1.7094487536,27.626156616,387.0045288,10,1,-0.12,-0.82
2013-02-20,2013-02-20,664,"pira","dry",11.840472868,0.068011488,99.93893443,1.1355525736,1.6749643712,27.430780794,389.49386598,7,1,-0.18,-1.01
2013-02-20,2013-02-20,665,"cacu","dry",11.696658488,0.080640845,148.9356589,1.3742370478,1.7114338172,27.482709122,392.36727294,6,1,-0.41,-1.08
2013-03-21,2013-03-21,124,"eusi","wet",11.404046182,0.3453434518,323.03071296,2.3290210596,0.7431118726,26.125938418,385.5887451,33,1,-0.3,-1.84
2013-03-21,2013-03-21,125,"eute","wet",6.2092641702,0.086694623,269.37647848,0.8750819298,1.0226694824,26.502241516,392.45238038,35,1,-0.14,-1.76
2013-03-21,2013-03-21,126,"pira","wet",33.592393438,0.9458188684,315.9269422,5.6806948252,0.7125987894,25.335660554,386.73841554,35,1,-0.46,-0.86
2013-03-21,2013-03-21,127,"cacu","wet",16.199261458,0.225170424,259.19567898,1.8452157592,0.857912932,25.857460404,385.10356446,30,1,-0.35,-1.715
2013-03-21,2013-03-21,174,"eute","dry",21.708846092,0.5262484512,292.15689106,2.9490156062,0.6509640932,26.857493974,372.08460084,3,1,-0.25,-2.08
2013-03-21,2013-03-21,175,"cacu","dry",0.8543379354,0.0018700528,-384.503106836,0.0216918652,1.139055207,27.273822024,399.08037112,2,1,-3.85,-4.26
2013-03-21,2013-03-21,176,"pira","dry",14.745745942,0.1185099708,181.50494012,1.210109347,1.0312999278,26.93756714,390.24476928,5,1,-0.91,-1.94
2013-03-21,2013-03-21,177,"eusi","dry",10.095573586,0.1071879918,227.5685825,1.1193939552,1.0641663474,27.083065414,388.44884034,19,1,-0.54,-1.05
2013-03-21,2013-03-21,216,"eusi","wet",6.813316255,0.752294893,366.56289892,6.6288515478,1.0671233032,26.226223374,390.28333132,33,1,-0.2,-1.93
2013-03-21,2013-03-21,217,"pira","wet",8.1875879866,0.5872755818,363.53761348,3.7884801168,0.729141731,26.29540863,393.0963318,29,1,-0.5,-1.16
2013-03-21,2013-03-21,218,"cacu","wet",14.031077314,0.2182501756,273.5416176,2.4959608694,1.1963625106,25.296627806,387.9305054,14,1,-0.2,-1.6
2013-03-21,2013-03-21,254,"cacu","dry",3.2760642756,0.0527422086,295.59760188,0.1153623108,0.2178211756,25.622846984,397.73911744,4,1,-2.7,-3.32
2013-03-21,2013-03-21,255,"eute","dry",3.0791763558,0.0807641434,326.12692504,0.9941420676,1.2425279466,28.034726716,395.91063844,5,1,-1.6,-2.15
2013-03-21,2013-03-21,256,"pira","dry",2.3571126712,0.0583099876,326.06121874,0.6852718494,1.1709610662,27.456277464,398.42348022,5,1,-1.05,-2.035
2013-03-21,2013-03-21,257,"eusi","dry",4.3003256762,0.140779936,340.47378646,1.168435621,0.8496655212,26.309947588,396.1022156,5,1,-1.8,-2.96
2013-03-21,2013-03-21,304,"eusi","wet",10.177485144,0.2762265016,318.970738,2.452482982,0.957287679,26.625138474,388.19196776,35,1,-0.15,-1.67
2013-03-21,2013-03-21,305,"cacu","wet",16.251723508,0.2468216004,271.92782006,2.6346627446,1.1165482368,26.782759092,388.8887268,5,1,-0.2,-1.3
2013-03-21,2013-03-21,306,"eute","wet",12.590141126,0.3140579978,308.3216867,3.0220832116,1.050428569,27.301657104,384.37454834,34,1,-0.05,-0.86
2013-03-21,2013-03-21,307,"pira","wet",10.949585526,0.1542038398,264.70586904,1.9026705478,1.2709282232,27.746815492,389.68819578,33,1,-0.35,-1.26
2013-03-21,2013-03-21,358,"cacu","dry",2.0404084594,0.0089275152,28.22053098,0.115613026,1.2778708786,26.978722,399.27905274,4,1,-2.8,-3.158
2013-03-21,2013-03-21,359,"pira","dry",4.6211515026,0.0244073944,82.351688198,0.380491439,1.5548361786,28.34395218,395.41880494,4,1,-0.95,-1.445
2013-03-21,2013-03-21,360,"eusi","dry",8.8041278182,0.1241747444,269.39496264,1.4445308144,1.1848697454,27.12667694,392.6320984,4,1,-0.85,-2.13
2013-03-21,2013-03-21,361,"eute","dry",3.0395355786,0.0187533082,130.39422548,0.286093378,1.5094070062,28.134076306,397.6749756,4,1,-1.3,-2
2013-03-21,2013-03-21,412,"eusi","wet",21.856989316,0.455887711,281.84140988,3.6371255244,0.9049504754,26.67744751,373.3588867,5,48,-0.3,-1.45
2013-03-21,2013-03-21,413,"cacu","wet",15.608934184,0.2628190946,275.80904504,3.086250356,1.2536670828,25.611228182,383.97858888,7,9,-0.2,-1.59
2013-03-21,2013-03-21,414,"eute","wet",11.511539808,0.1923280766,277.20093478,2.265840631,1.2372162576,27.198436356,385.12434692,29,1,-0.05,-0.665
2013-03-21,2013-03-21,415,"pira","wet",14.019355592,0.283513762,298.69289034,3.1165883792,1.1604360194,26.799485778,389.10965576,17,1,-0.35,-0.48
2013-03-21,2013-03-21,470,"eusi","dry",1.4061778882,0.0117920962,199.63658942,0.17784753,1.4938604252,26.807263948,398.35738524,2,1,-3.6,-3.97
2013-03-21,2013-03-21,472,"eute","dry",13.62791465,0.1850365502,252.83110344,2.2802356734,1.2964132042,26.02713089,383.87211916,6,1,-0.2,-0.87
2013-03-21,2013-03-21,473,"cacu","dry",0.6901677358,0.0094402988,275.4681355,0.1352903212,1.4188690712,26.279269792,400.4494568,4,1,-3.2,-3.46
2013-03-21,2013-03-21,516,"cacu","wet",16.597622664,0.3785555596,302.70291014,4.3838015886,1.2605106964,25.679126742,385.90529784,19,1,-0.1,-1.27
2013-03-21,2013-03-21,517,"pira","wet",13.598332196,0.3552421522,315.80134896,5.0492410102,1.529435967,26.724818038,390.4294861,29,1,-0.2,-0.96
2013-03-21,2013-03-21,518,"eusi","wet",16.971048326,0.4359775244,306.35063466,5.0759655534,1.2897601472,26.705573654,382.3777649,27,1,-0.35,-1.33
2013-03-21,2013-03-21,519,"eute","wet",11.407132106,0.143926357,244.02217174,2.2859120464,1.6438237208,27.572444916,384.67045898,35,1,-0.05,-1.062
2013-03-21,2013-03-21,566,"eute","dry",9.7236823656,0.108648841,231.7624633,1.9414343974,1.8295549034,27.668854522,388.80983886,4,1,-0.25,-0.98
2013-03-21,2013-03-21,567,"pira","dry",8.0543430944,0.0614839832,172.71289576,1.2247991198,1.9987401576,27.728896332,394.44557494,5,1,-1.2,-1.74
2013-03-21,2013-03-21,568,"eusi","dry",7.426207519,0.054603476,164.47302034,0.9946872348,1.8281645982,27.154144288,393.42548218,4,1,-1.4,-2.93
2013-03-21,2013-03-21,569,"cacu","dry",5.5559638928,0.0500657892,206.03644798,0.8677761896,1.7372009588,26.775529482,394.19768676,2,1,-2.05,-2.73
2013-03-21,2013-03-21,616,"eute","wet",8.1787118932,0.1015085264,248.7667253,1.411603092,1.4212666808,26.820771026,388.93875124,36,1,-0.05,-0.815
2013-03-21,2013-03-21,617,"eusi","wet",9.0824810944,0.1107574824,251.38314834,1.3545496098,1.2429130868,26.35977516,392.39660646,30,1,-0.15,-0.828
2013-03-21,2013-03-21,618,"cacu","wet",30.157203658,0.564002117,279.27022344,6.6384709274,1.3109364292,27.234790422,381.37693484,9,39,-0.15,-0.888
2013-03-21,2013-03-21,619,"pira","wet",29.334273054,0.8486302492,311.99274752,8.6586517386,1.1990389516,27.03091507,383.09661254,9,39,-0.4,-1.2
2013-03-21,2013-03-21,662,"eute","dry",18.329875554,0.304409134,263.62956936,3.7117860274,1.3278834544,27.55524025,375.62354126,5,1,-0.25,-1.47
2013-03-21,2013-03-21,663,"eusi","dry",3.6684760526,0.0320900268,203.37519736,0.5128931718,1.5925676958,26.91668396,395.65718384,2,1,-3.65,-4.2
2013-03-21,2013-03-21,664,"pira","dry",7.4480916616,0.045844356,127.62030604,0.8160070816,1.7710596948,27.647184372,397.27698974,2,1,-1.35,-2
2013-03-21,2013-03-21,665,"cacu","dry",1.3262856666,0.0337607098,324.63491402,0.6463719084,1.899713714,28.16397705,399.03281862,2,1,-2.65,-3.215
2013-03-26,2013-03-26,123,"cacu","wet",19.85276392,0.3312303702,274.65915566,3.0800331852,0.9989827098,26.990808488,383.1683777,25,1,-0.245,-0.962
2013-03-26,2013-03-26,124,"eusi","wet",16.511527654,0.2999913424,280.80135738,1.8950309448,0.6903127002,25.591488268,380.47506104,33,1,-0.27,-1.266
2013-03-26,2013-03-26,125,"eute","wet",10.277181738,0.1478177398,267.51013326,1.0600538042,0.745492848,25.883716582,387.68008422,35,1,-0.145,-1.225
2013-03-26,2013-03-26,126,"pira","wet",12.684247622,0.2984189874,305.98137628,1.5617057754,0.579438985,25.46791153,384.35662842,35,1,-0.133,-1.245
2013-03-26,2013-03-26,174,"eute","dry",26.643162984,0.3064688046,212.75419918,1.639382447,0.585291423,25.693524932,367.43640748,2.5,1,-0.196,-1.105
2013-03-26,2013-03-26,175,"cacu","dry",0.0661170958,-0.0017995326,453.93317406,-0.0159036542,0.8720523586,26.047058868,400.56828004,1.9,1,-6.701,-10.5
2013-03-26,2013-03-26,176,"pira","dry",9.7198108716,0.0328507986,-90.287097342,0.253432948,0.7716169248,25.604759216,390.79028932,3.6,1,-1.432,-1.36
2013-03-26,2013-03-26,216,"eusi","wet",7.9039939418,0.2759558938,337.5519819,1.878724413,0.7657551848,25.752692794,393.33869018,33,1,-0.315,-1.698
2013-03-26,2013-03-26,217,"pira","wet",20.255266496,0.476751859,298.24784808,2.8161604024,0.7238051794,26.771390912,384.41830444,29,1,-0.411,-1.385
2013-03-26,2013-03-26,218,"cacu","wet",19.322209958,0.1980400666,212.92750444,1.3568293312,0.741979573,26.881916048,386.05585326,14,1,-0.625,-0.978
2013-03-26,2013-03-26,219,"eute","wet",9.2926379072,0.109555046,238.94480964,0.8860034002,0.8559010588,27.836764146,387.9515381,36,1,-0.271,-1.433
2013-03-26,2013-03-26,254,"cacu","dry",0.1429328648,-0.0038239012,450.78104276,-0.0434137284,1.1196435784,25.978858186,399.23222656,3,1,-4.5,-5.639
2013-03-26,2013-03-26,256,"pira","dry",5.0586480026,0.007854302,-638.4414997,0.08360958,1.0568641512,26.10742798,395.30398558,4,1,-1.749,-1.93
2013-03-26,2013-03-26,271,"eusi","dry",1.0838242172,-0.0239301276,463.88122258,-0.2277168216,0.9215755104,27.858647918,398.76809692,3,1,-5.02,-6.039
2013-03-26,2013-03-26,272,"eute","dry",5.9579765096,0.0128855136,-354.24602944,0.1530985538,1.1754056104,29.4055336,392.1638672,5,1,-1.622,-2.089
2013-03-26,2013-03-26,306,"eute","wet",13.095792024,0.4266091694,319.06934474,4.8311809258,1.2802206812,28.204553604,381.6675232,34,1,-0.21,-1.31
2013-03-26,2013-03-26,307,"pira","wet",19.02504924,0.2397525136,242.06200552,3.196600973,1.397765665,27.649310684,383.07256472,33,1,-0.167,-1.03
2013-03-26,2013-03-26,315,"eusi","wet",13.057660592,0.2463978768,284.97838254,2.7134226084,1.1814458756,26.537383272,382.38424074,33,1,-0.243,-0.898
2013-03-26,2013-03-26,358,"cacu","dry",0.1827933878,0.0141184902,364.66302456,0.3063371046,2.1399780518,29.997393036,398.73447268,1,1,-4.958,-5.272
2013-03-26,2013-03-26,359,"pira","dry",0.6965409318,0.0089368924,261.8640422,0.2005513672,2.210257966,30.17994156,398.74640504,4,1,-1.19,-1.589
2013-03-26,2013-03-26,360,"eusi","dry",0.4397656008,0.0083418568,303.81081238,0.1525123542,1.8031422646,28.668239594,398.59152224,3,1,NA,-9.5
2013-03-26,2013-03-26,361,"eute","dry",1.0463424194,0.0082696756,185.27474914,0.164919586,1.9660566552,29.425862504,397.55655518,2,1,-10,-10
2013-03-26,2013-03-26,406,"eusi","wet",13.87121692,0.2495912996,278.46804834,2.8896192522,1.244578968,26.195729448,380.64463502,16,1,-0.245,-1.744
2013-03-26,2013-03-26,414,"eute","wet",12.726780362,0.348073551,311.58439816,4.0992868812,1.3034365784,27.213101198,383.46098022,29,1,-0.522,-1.702
2013-03-26,2013-03-26,430,"pira","wet",11.149901068,0.2072816382,293.22780434,3.0892914064,1.5432006924,28.415914916,391.70730594,35,1,-0.165,-1.367
2013-03-26,2013-03-26,475,"pira","dry",6.4654977228,0.0409182158,132.82402578,0.7396513104,1.7960064046,29.04695015,395.64384766,3,1,-0.615,-1.567
2013-03-26,2013-03-26,477,"eusi","dry",1.4525865056,0.0107516134,174.90594478,0.1722215024,1.5792953972,28.738019562,399.0186096,2,1,-2.075,-4.262
2013-03-26,2013-03-26,517,"pira","wet",18.815494638,0.422483512,304.27669926,4.1760711294,1.0762229326,25.640005114,387.68167116,29,1,-0.41,-1.233
2013-03-26,2013-03-26,519,"eute","wet",15.44643858,0.2998827188,282.33478896,3.802172673,1.3856135844,26.241313554,379.51965942,35,1,-0.117,-1.062
2013-03-26,2013-03-26,528,"eusi","wet",16.047401664,0.4773678606,311.52709604,5.2020717474,1.2427593924,26.55863037,379.3267456,36,1,-0.15,-1.462
2013-03-26,2013-03-26,566,"eute","dry",2.8637950592,0.0196256314,154.62428112,0.2570543482,1.301084854,26.921481322,395.28912964,2,1,-2.532,-2.71
2013-03-26,2013-03-26,567,"pira","dry",2.2778838058,-0.0076907458,859.36610202,-0.0932334484,1.1915368656,27.45394516,397.69799806,2,1,-0.759,-1.139
2013-03-26,2013-03-26,568,"eusi","dry",2.550463575,0.017233734,153.3071866,0.2413254486,1.388091821,27.050427246,397.23796996,1,1,NA,-9
2013-03-26,2013-03-26,569,"cacu","dry",2.9988716904,0.0267489324,210.32191604,0.3756258756,1.3951968262,26.706074908,397.56982422,3,1,-4.08,-4.369
2013-03-26,2013-03-26,616,"eute","wet",12.030910268,0.2964251106,308.0151135,3.2435462776,1.1935863056,26.135774994,385.37063598,36,1,-0.116,-0.935
2013-03-26,2013-03-26,617,"eusi","wet",17.746985784,0.3771413432,296.76011154,4.0356470346,1.1659715528,25.249386978,384.9329895,30,1,NA,-5.7
2013-03-26,2013-03-26,618,"cacu","wet",35.037712218,0.681155778,277.10213308,7.010257454,1.1795314534,27.135794834,377.09328612,9,39,-0.438,-1.339
2013-03-26,2013-03-26,674,"cacu","dry",0.2477584396,0.0053486332,312.9445757,0.0749160342,1.384645848,26.832944106,401.18956908,1,1,-6.298,-6.484
2013-03-26,2013-03-26,675,"pira","dry",3.1464842068,0.0153090192,63.997402218,0.213846344,1.3813641238,27.475435638,399.9161804,3,1,-0.305,-1.675
2013-03-26,2013-03-26,677,"eute","dry",10.816301038,0.0968569144,197.59197014,1.207013903,1.2694408662,27.435102462,387.49542236,2,1,-0.58,-1.58
2013-04-04,2013-04-04,124,"eusi","wet",14.455221394,0.2404096436,274.7958873,2.1119437912,0.9558450634,23.295530318,382.9312744,32,1,-0.11,-2.3
2013-04-04,2013-04-04,125,"eute","wet",10.514797072,0.194465686,290.078194,1.8821548584,1.0376166426,23.493714522,387.21456908,31,1,-0.16,-2.1
2013-04-04,2013-04-04,126,"pira","wet",12.718836668,0.347033286,318.16015654,2.5231306368,0.8074109842,22.293789672,386.58501588,33,1,-0.64,-1.2
2013-04-04,2013-04-04,127,"cacu","wet",20.214520736,0.3341927888,279.14665906,2.7105104678,0.8802074538,22.297598264,387.2109375,35,1,-0.21,-1.06
2013-04-04,2013-04-04,174,"eute","dry",24.228246118,0.4996469822,277.669883,3.2560638072,0.768513059,22.934289552,370.8326294,3,1,-0.93,-1.6
2013-04-04,2013-04-04,176,"pira","dry",5.4672801464,0.0382778238,159.07678172,0.4511201494,1.1973617634,23.401951982,395.17543336,2,1,-0.58,-2
2013-04-04,2013-04-04,177,"eusi","dry",8.5582089514,0.0589627754,148.86932236,0.6836811016,1.1880356614,23.625391388,390.32117312,3,1,-1.58,-2.8
2013-04-04,2013-04-04,216,"eusi","wet",15.058242462,0.2675732138,289.9979786,2.7181407274,1.0822637056,23.79093399,390.84150392,33,1,-0.3,-1.5
2013-04-04,2013-04-04,217,"pira","wet",15.000508088,0.4324358718,324.86886786,3.6439657228,0.9316796538,23.092901992,390.56602784,31,1,-0.39,-0.8
2013-04-04,2013-04-04,218,"cacu","wet",17.725171136,0.2651026482,268.66702264,2.6979813296,1.0865547006,24.15616417,387.46236574,23,1,-0.37,-1.4
2013-04-04,2013-04-04,219,"eute","wet",15.146486482,0.4615441216,316.17940156,3.4232857142,0.8617562402,24.015620042,380.70361328,38,1,-0.12,-1
2013-04-04,2013-04-04,254,"cacu","dry",-0.3491736966,0.0121575318,438.05117512,0.155958157,1.289230264,23.767501452,400.60943604,2,1,-7.92,-7
2013-04-04,2013-04-04,255,"eute","dry",-0.0108813954,0.0042430946,395.56300524,0.0629746784,1.4882533292,24.738376236,400.85344236,2,1,-7.44,NA
2013-04-04,2013-04-04,256,"pira","dry",2.924751624,0.0193193772,150.09344008,0.2353254382,1.2248875278,24.3170681,398.72260132,3,1,-2.18,-1.08
2013-04-04,2013-04-04,257,"eusi","dry",0.539885373,0.0126768752,325.24751182,0.150907253,1.1958083276,23.902164458,400.45176392,2,1,-6.47,NA
2013-04-04,2013-04-04,304,"eusi","wet",10.095220634,0.1390680622,261.91959502,1.5524376776,1.1677467588,24.327638244,388.62265624,31,1,-0.21,-0.92
2013-04-04,2013-04-04,305,"cacu","wet",25.406797142,0.4310360644,276.26332834,3.7831763976,0.9693631344,23.701747134,383.99296266,10,37,-0.29,-1.42
2013-04-04,2013-04-04,306,"eute","wet",13.988369086,0.3658110418,308.7514754,3.1516467028,0.971901924,24.454689408,381.96796264,34,1,-0.11,-1.34
2013-04-04,2013-04-04,307,"pira","wet",24.120538656,0.4503213488,288.63984984,3.9892663764,0.978554313,23.349687576,387.1124817,32,1,-0.43,-1.24
2013-04-04,2013-04-04,358,"cacu","dry",0.3994462498,0.0176729764,357.89809458,0.195564942,1.114432809,22.791922376,400.90407716,1,1,-6.83,-7
2013-04-04,2013-04-04,359,"pira","dry",3.5265692234,0.0232866184,148.5680167,0.2887959802,1.249604368,23.808950042,397.88230592,4,1,-1.94,-2.6
2013-04-04,2013-04-04,360,"eusi","dry",0.1531082282,0.0049648148,343.02846054,0.0658565988,1.3310083096,24.06706352,400.18843994,2,1,-7.01,NA
2013-04-04,2013-04-04,361,"eute","dry",0.6600138386,0.0074726056,251.44967922,0.1015519596,1.3649810006,24.201509476,400.23093874,3,1,-6.27,-5.1
2013-04-04,2013-04-04,412,"eusi","wet",15.720426866,0.128799757,165.50235146,1.4528390438,1.2312466052,24.376518632,381.27172854,3,48,-0.71,-1.48
2013-04-04,2013-04-04,413,"cacu","wet",13.58682703,0.2106124348,270.44897236,1.8833740936,0.9978398312,22.884655762,388.8559326,20.25,12.075,-0.4,-1.58
2013-04-04,2013-04-04,414,"eute","wet",10.723227908,0.257266702,303.8507542,2.2810477602,1.0480909168,23.90495453,386.5432373,34,1,-0.23,-1.22
2013-04-04,2013-04-04,415,"pira","wet",13.872763274,0.37877962,311.33671536,2.5370013794,0.826183209,22.427436446,386.0043274,23,1,-0.14,-1.6
2013-04-04,2013-04-04,470,"eusi","dry",0.0585132686,0.0022207476,350.35395502,0.0315053436,1.4235196458,24.125775912,400.35842898,1,1,-7.31,-7.4
2013-04-04,2013-04-04,472,"eute","dry",8.254751527,0.0597895606,160.82271192,0.8125780584,1.4043576018,24.55310669,394.004364,2,1,-5.67,-5.4
2013-04-04,2013-04-04,473,"cacu","dry",0.1059198836,0.0090534018,374.84076498,0.1043597158,1.1618356248,22.75762329,400.5241333,2,1,-7.23,-6.8
2013-04-04,2013-04-04,516,"cacu","wet",15.500891786,0.2217748136,264.84004516,2.260174812,1.082188388,23.18734703,387.97731932,7,45,-0.14,-1.66
2013-04-04,2013-04-04,517,"pira","wet",11.760475768,0.3138973394,317.55260704,2.9648293596,1.0362059202,23.627962494,388.18383788,28,1,-0.36,-1.48
2013-04-04,2013-04-04,518,"eusi","wet",12.930367842,0.2588214534,301.45370234,2.4212754606,0.9994440578,22.758173752,391.36289674,30,1,-0.51,-1.62
2013-04-04,2013-04-04,519,"eute","wet",15.727044526,0.3787177584,301.59582524,3.2269768784,0.9663390038,23.71808548,380.80861206,36,1,-0.13,-1.95
2013-04-04,2013-04-04,566,"eute","dry",2.2721948704,0.0168796498,174.88260436,0.258841429,1.5443386478,24.837445068,398.41679076,3,1,-5.23,-5.5
2013-04-04,2013-04-04,567,"pira","dry",4.5188502442,0.0307828206,155.03127806,0.3738611652,1.2285195266,23.20143814,397.09371948,3,1,-2.35,-2.33
2013-04-04,2013-04-04,568,"eusi","dry",0.332518765,0.0068895878,315.45344568,0.0985382234,1.436015444,24.197377012,401.0046814,1,1,-7.22,NA
2013-04-04,2013-04-04,569,"cacu","dry",0.2168679066,0.0126840156,365.80823038,0.1546453092,1.2266114654,22.9753849,400.62177124,1,1,-6.28,-7.5
2013-04-04,2013-04-04,616,"eute","wet",11.255027146,0.263738646,306.4647603,2.4119478112,1.0003511638,23.565829468,385.6443115,34,1,-0.12,-1.52
2013-04-04,2013-04-04,617,"eusi","wet",12.939945204,0.2591119232,296.00152788,2.2797394532,0.9494415334,23.777397538,386.44392092,30,1,-0.34,-1.74
2013-04-04,2013-04-04,618,"cacu","wet",14.630766454,0.194697501,254.40953914,1.785489811,0.9703218062,23.732325362,385.52623294,6,48,-0.33,-1.46
2013-04-04,2013-04-04,619,"pira","wet",12.076707078,0.2917685372,310.40778235,3.024289899,1.126005182,24.061590384,387.71305542,20,1,-0.49,-1.51
2013-04-04,2013-04-04,662,"eute","dry",3.3851143614,0.0461608692,269.86110312,0.5779547068,1.2747461052,23.662897872,395.67143556,1,1,-4.68,-5.2
2013-04-04,2013-04-04,663,"eusi","dry",0.4601187802,0.0033568694,169.450112036,0.0438036404,1.3061050206,24.861820222,399.7055664,2,1,-7.43,NA
2013-04-04,2013-04-04,664,"pira","dry",2.8173366632,0.0039398118,-1172.17743392,0.0506636134,1.2772316192,24.866749954,397.78444214,1,1,-2.21,-1.42
2013-04-04,2013-04-04,665,"cacu","dry",1.1512056152,0.0040051092,460.7792067954,0.0482857748,1.2133876502,22.852161028,398.77147826,1,1,-8.87,-7.6
2013-04-17,2013-04-17,124,"eusi","wet",13.445373366,0.4171403422,319.44087378,3.2198398602,0.870568432,26.017004392,382.37728884,31.9,1,-0.109,-1.23
2013-04-17,2013-04-17,125,"eute","wet",10.486785636,0.1365874012,251.78584864,1.7613617396,1.3318426752,26.746424102,386.72029418,30.9,1,-0.055,-0.583
2013-04-17,2013-04-17,126,"pira","wet",15.220211078,0.4504571902,321.16460288,3.951440271,0.967900093,25.771102522,386.31392822,31.9,1,-0.294,-1.032
2013-04-17,2013-04-17,127,"cacu","wet",18.177979082,0.2650840408,267.87987538,2.6145910798,1.0337746452,25.483856202,389.05571898,35.7,1,-0.083,-0.992
2013-04-17,2013-04-17,174,"eute","dry",-0.2615368338,0.0133373238,422.68402982,0.1919409016,1.4265163546,25.845239638,400.73790894,2.1,1,-3.19,-4.88
2013-04-17,2013-04-17,176,"pira","dry",0.1117376908,0.0051001004,357.27471462,0.0743303178,1.4386621432,26.296719742,401.15214234,1.9,1,-1.86,-1.948
2013-04-17,2013-04-17,177,"eusi","dry",0.0031490552,5.03984e-05,2037.80269198,0.000747954,1.4617353192,26.805737686,399.88365478,2.3,1,-4.88,-4.528
2013-04-17,2013-04-17,216,"eusi","wet",11.493519516,0.2791001636,316.58444114,2.2156336074,0.8379368574,26.458262254,391.4939758,37.9,1,-0.083,-0.911
2013-04-17,2013-04-17,217,"pira","wet",16.49061724,0.286927377,288.4186247,2.1923993886,0.8021172358,26.440811918,390.20737306,30.7,1,-0.268,-0.84
2013-04-17,2013-04-17,218,"cacu","wet",18.20261307,0.1290467236,148.00082786,1.3823666086,1.0883915116,26.953007124,385.12314454,26.9,1,-0.101,-0.664
2013-04-17,2013-04-17,219,"eute","wet",15.039025742,0.2736262796,281.63901392,2.3001839126,0.9046627218,27.441703416,381.79058228,37.1,1,-0.051,-0.681
2013-04-17,2013-04-17,254,"cacu","dry",-0.341108813,0.0102431124,447.07443942,0.1062023756,1.0221511156,26.268821716,400.6836792,2,1,-7.65,-5.7
2013-04-17,2013-04-17,255,"eute","dry",-0.2654561026,0.0043505654,490.74274564,0.0455956406,1.0358666784,24.786265184,400.75902098,1.5,1,-3.63,-4.39
2013-04-17,2013-04-17,256,"pira","dry",0.729097727,-0.0076199804,544.94742692,-0.0851813122,1.0991698798,25.521813202,400.32368776,2,1,-2.48,-2.034
2013-04-17,2013-04-17,257,"eusi","dry",-0.0658826106,0.0581553044,396.43380014,0.5121923644,0.8798088554,25.147322462,400.30734252,2.2,1,-10,NA
2013-04-17,2013-04-17,304,"eusi","wet",11.536776958,0.197612594,282.6780869,2.6123887656,1.3819610262,25.614614108,388.37043456,33.7125,1,-0.128,-0.768
2013-04-17,2013-04-17,305,"cacu","wet",7.2704824542,0.0538985382,169.53970024,0.7762955528,1.4428403186,25.065844726,394.6286743,32.9076923076923,1,-1.137,-0.954
2013-04-17,2013-04-17,306,"eute","wet",14.847866184,0.2590506206,275.15411464,3.3637129348,1.3956834196,25.991762162,381.3754944,32.2357142857143,1,-0.068,-0.571
2013-04-17,2013-04-17,307,"pira","wet",9.8763286384,0.104902686,229.61934164,1.6693762334,1.6131586662,26.169670486,391.99927978,27.0533333333333,1,-0.319,-0.816
2013-04-17,2013-04-17,358,"cacu","dry",-0.2745075742,0.0049046152,477.99206894,0.0902725492,1.8190141014,25.930935668,401.1326416,0,1,-5.56,-7.04
2013-04-17,2013-04-17,359,"pira","dry",-0.1360083774,0.0040463978,441.25188142,0.0794034672,1.9375989046,26.591492842,400.93223266,2,1,-2.35,-1.713
2013-04-17,2013-04-17,360,"eusi","dry",-0.571916256,0.0053770708,557.39300316,0.1007342728,1.8513254656,26.022316356,401.39824218,1,1,-9.03,-10
2013-04-17,2013-04-17,361,"eute","dry",-0.2764295266,0.00867914,440.06778062,0.160419998,1.829397196,25.872685242,401.46344604,2,1,NA,-10
2013-04-17,2013-04-17,412,"eusi","wet",16.250625494,0.2712428948,269.9218357,2.8813048846,1.1440554722,26.231412888,379.59066164,33.7125,1,-0.272,-1.447
2013-04-17,2013-04-17,413,"cacu","wet",12.823416294,0.2493108938,294.53019524,2.3792260228,1.0072451862,24.447986222,387.26126098,32.9076923076923,1,-0.159,-0.543
2013-04-17,2013-04-17,414,"eute","wet",15.574994346,0.3612475796,303.77119052,3.8681072226,1.1618238102,25.363554764,385.11389772,32.2357142857143,1,-0.052,-0.596
2013-04-17,2013-04-17,415,"pira","wet",11.715014098,0.1680793716,265.83026156,1.9601161972,1.1994783612,27.36811218,388.30945434,27.0533333333333,1,-0.267,-0.822
2013-04-17,2013-04-17,470,"eusi","dry",-0.465899009,0.0048750944,542.9402144,0.0599061438,1.2085074986,27.262565232,399.46027222,1,1,-10,NA
2013-04-17,2013-04-17,472,"eute","dry",0.8130465548,0.0266763096,339.1206056,0.5021513716,1.8708010962,26.691501236,399.4536316,0,1,-5.82,-5.618
2013-04-17,2013-04-17,473,"cacu","dry",-0.3969521028,0.01979992,423.60549286,0.2654628694,1.3256636934,26.74482002,400.30578614,1,1,-7.43,-6.5
2013-04-17,2013-04-17,516,"cacu","wet",19.71699269,0.4299752338,296.65909856,4.641279279,1.1853429418,24.49620819,383.75238646,32.9076923076923,1,-0.129,-0.725
2013-04-17,2013-04-17,517,"pira","wet",17.217527648,0.5219806522,323.44236666,5.8910411174,1.2495386686,25.036389924,389.01624146,27.0533333333333,1,-0.078,-0.741
2013-04-17,2013-04-17,518,"eusi","wet",13.975584688,0.3438160234,310.7645155,4.0408771006,1.2623885048,25.35446205,388.04174194,33.7125,1,-0.289,-1.076
2013-04-17,2013-04-17,519,"eute","wet",11.574897796,0.1667237144,261.3700411,2.2570081338,1.4082213622,26.119594952,385.39160158,32.2357142857143,1,-0.098,-0.472
2013-04-17,2013-04-17,566,"eute","dry",0.1102963478,0.0088601668,371.10087236,0.1316216408,1.4657686342,26.200325774,400.25883176,1,1,-6.52,-6.538
2013-04-17,2013-04-17,567,"pira","dry",0.36964433,0.0100998024,330.22728328,0.1914301698,1.8685200654,27.215471652,399.97286376,3,1,-1.46,-2.096
2013-04-17,2013-04-17,568,"eusi","dry",-0.1578472318,0.0394283206,398.2819987,0.5776564122,1.4572496304,25.848363876,401.26835326,1,1,-9.11,-10
2013-04-17,2013-04-17,569,"cacu","dry",-0.6240556344,0.0109740254,483.58376092,0.1326018884,1.1918675122,25.438053512,401.08291016,1,1,-8.86,-10
2013-04-17,2013-04-17,616,"eute","wet",12.848862366,0.2859871084,299.10556396,3.1369242576,1.1918921604,24.845659636,383.69691774,32.2357142857143,1,-0.07,-0.747
2013-04-17,2013-04-17,617,"eusi","wet",10.039072034,0.4083600972,342.1144232,4.1776044158,1.120626464,24.764648818,391.7181091,33.7125,1,-0.182,-0.693
2013-04-17,2013-04-17,618,"cacu","wet",22.29727335,0.4446336388,287.00520736,4.5501665072,1.13022056,24.985269166,381.49002684,32.9076923076923,1,-0.089,-0.606
2013-04-17,2013-04-17,619,"pira","wet",22.690838176,0.6443258234,316.07644876,5.8397820406,1.0338254694,24.125532152,385.66342164,27.0533333333333,1,-0.331,-0.928
2013-04-17,2013-04-17,662,"eute","dry",-0.1411955324,0.0137435726,407.24130506,0.2233594082,1.610567087,25.82596855,401.28917236,1,1,NA,-10
2013-04-17,2013-04-17,663,"eusi","dry",-0.147920924,0.0105160638,411.79686752,0.1833992292,1.7261295054,25.724962998,400.59550168,1,1,-10,NA
2013-04-17,2013-04-17,664,"pira","dry",1.0208653076,0.0120278708,254.60142252,0.2009355512,1.6533781456,25.544215392,399.49788208,1,1,-1.66,-1.938
2013-04-17,2013-04-17,665,"cacu","dry",-0.3225056106,0.0214812408,413.73706888,0.3428042392,1.5836271812,25.491363524,400.03355712,0,1,-4.96,-6.88
2013-04-30,2013-04-30,124,"eusi","wet",12.819741012,0.3203168968,306.98377968,3.6781024036,1.2693238808,25.586639786,384.1640503,31.9,1,-0.151,-1.2
2013-04-30,2013-04-30,125,"eute","wet",14.77466576,0.4614973156,316.75395402,4.5277400876,1.1311284186,25.945885846,381.3465576,30.9,1,-0.074,-0.845
2013-04-30,2013-04-30,126,"pira","wet",14.682774032,0.52349758,323.84190674,4.343309443,0.9757906274,24.89425125,381.21878662,31.9,1,-0.263,-0.71
2013-04-30,2013-04-30,127,"cacu","wet",19.274908106,0.2705568482,261.37729864,3.7014493888,1.4497818058,25.198151398,389.2467224,35.7,1,-0.129,-0.95
2013-04-30,2013-04-30,176,"pira","dry",0.0595675952,0.0018313848,328.25896,0.0329393802,1.7874397836,27.010290908,399.85915528,1.9,1,-2.071,-2.29
2013-04-30,2013-04-30,177,"eusi","dry",0.0159810866,0.0069010646,384.1951101,0.129801272,1.8720812172,27.184327698,399.4267578,2.3,1,-6.57,-6.51
2013-04-30,2013-04-30,216,"eusi","wet",10.357264846,0.2654208466,317.15380502,3.3544556436,1.3478601692,25.479341508,391.00253908,37.9,1,-0.176,-0.9
2013-04-30,2013-04-30,217,"pira","wet",15.570326924,0.386313275,311.3866269,4.3124327234,1.2206912848,24.969858932,388.06261596,30.7,1,-0.44,-0.896
2013-04-30,2013-04-30,218,"cacu","wet",15.198138492,0.2739828284,285.80217964,3.2648091678,1.2743071404,25.03237953,386.97474976,26.9,1,-0.072,-1.19
2013-04-30,2013-04-30,219,"eute","wet",13.946074668,0.2977764216,293.69257184,3.3682458356,1.2424380046,25.849875258,382.01835938,37.1,1,-0.086,-1.38
2013-04-30,2013-04-30,254,"cacu","dry",-0.633019878,0.032636712,422.8009154,0.41178685,1.2677442654,25.321623614,399.92810056,2,1,-7.84,-10
2013-04-30,2013-04-30,256,"pira","dry",0.443008109,0.004877088,228.674119252,0.0668968544,1.3675181036,25.441633226,398.21287842,2,1,-2.26,-2.26
2013-04-30,2013-04-30,304,"eusi","wet",8.0600049346,0.161495355,294.9662278,1.9191261994,1.3176507438,25.73581276,389.73602296,33.7125,1,-0.168,-1.13
2013-04-30,2013-04-30,305,"cacu","wet",11.02654423,0.127739218,235.2057797,1.4827854106,1.2475598388,24.787493516,388.71883546,32.9076923076923,1,-0.06,-0.96
2013-04-30,2013-04-30,306,"eute","wet",16.39912478,0.5371875228,313.7838194,4.4063528676,1.0835763212,25.440156172,382.1788452,32.2357142857143,1,-0.044,-1.218
2013-04-30,2013-04-30,307,"pira","wet",13.971133622,0.187002315,248.33294784,2.0696611992,1.2285136698,25.107383346,385.70563354,27.0533333333333,1,-0.304,-0.89
2013-04-30,2013-04-30,359,"pira","dry",0.2884722074,0.0025817398,219.976757826,0.039860357,1.5418027424,25.537328338,399.7621765,2,1,-1.99,-2.12
2013-04-30,2013-04-30,360,"eusi","dry",-0.2341784568,0.025667329,403.87260546,0.4063565756,1.6056951714,26.08101082,399.47094118,1,1,-6.81,-10
2013-04-30,2013-04-30,412,"eusi","wet",18.277277668,0.32380909,271.02543952,3.3899197118,1.1586705164,26.174440384,376.10269164,33.7125,1,-0.076,-1.14
2013-04-30,2013-04-30,413,"cacu","wet",13.97875739,0.2035423236,268.44088682,2.530690167,1.3038154332,24.827775574,390.02765504,32.9076923076923,1,-0.097,-0.78
2013-04-30,2013-04-30,414,"eute","wet",12.182263804,0.3563250406,317.0133771,3.494590014,1.098856136,25.120037842,383.68011476,32.2357142857143,1,-0.052,-0.93
2013-04-30,2013-04-30,415,"pira","wet",10.500034556,0.2819614168,321.17690572,3.163517113,1.19677581,25.327767562,391.19893188,27.0533333333333,1,-0.281,-0.523
2013-04-30,2013-04-30,472,"eute","dry",0.3201479658,0.020148359,365.4784573,0.2919435536,1.4555310418,25.058337782,399.99475098,0,1,-7.21,-9.85
2013-04-30,2013-04-30,516,"cacu","wet",24.941082438,0.4165115506,281.36717074,4.1082980504,1.0726961874,24.76761055,390.4616455,32.9076923076923,1,-0.079,-0.715
2013-04-30,2013-04-30,517,"pira","wet",26.643611394,0.5372772052,295.76744424,5.9869112886,1.2409853638,24.568621064,389.77546386,27.0533333333333,1,-0.053,-1.23
2013-04-30,2013-04-30,518,"eusi","wet",12.839825686,0.2420038354,295.90922384,3.1054070542,1.3539592148,24.90580826,392.44899904,33.7125,1,-0.307,-1.14
2013-04-30,2013-04-30,519,"eute","wet",13.248737236,0.3513491742,309.95990748,3.741021682,1.1919288562,25.002429964,383.2141846,32.2357142857143,1,-0.094,-1.1
2013-04-30,2013-04-30,566,"eute","dry",-0.068855087,0.0221856348,395.64629422,0.3417291788,1.5477547282,25.363381194,400.5241272,1,1,-10,-9.5
2013-04-30,2013-04-30,567,"pira","dry",-0.0205030164,0.0050326954,396.66940346,0.0849636814,1.6826520122,26.518519592,401.07319334,3,1,-2.52,-3.39
2013-04-30,2013-04-30,616,"eute","wet",10.55118759,0.2254524206,300.09961364,2.549039897,1.213292795,26.011891174,386.7039734,32.2357142857143,1,-0.058,-0.71
2013-04-30,2013-04-30,617,"eusi","wet",9.7423863448,0.219260391,308.50331106,2.7073420672,1.3051930036,26.017818832,390.68820798,33.7125,1,-0.168,-1.08
2013-04-30,2013-04-30,618,"cacu","wet",19.718296748,0.2612202342,248.86397516,3.0724761178,1.2526358812,25.7566967,383.21121826,32.9076923076923,1,-0.049,-0.816
2013-04-30,2013-04-30,619,"pira","wet",19.29636891,0.492480092,312.126722,5.433719311,1.2252247732,26.632276152,387.98328248,27.0533333333333,1,-0.308,-1.06
2013-04-30,2013-04-30,663,"eusi","dry",-0.2376663986,0.0054831656,460.97229044,0.0801848926,1.4590451264,25.78029213,401.61601564,1,1,-10,-10
2013-04-30,2013-04-30,664,"pira","dry",-0.173057946,-0.0012517188,170.13352476,-0.0178842332,1.422824065,25.655638884,399.8777649,1,1,-2.29,-2.33
2013-05-16,2013-05-16,126,"pira","wet",7.3057785082,0.195328865,323.55575584,2.0063052788,1.061787407,25.04668045,392.42582396,31.9,1,-0.63,-1.18
2013-05-16,2013-05-16,176,"pira","dry",-0.3219736604,-0.0019836324,133.308417416,-0.0258019,1.274881583,24.733426666,400.11361084,1.9,1,-2.41,-2.53
2013-05-16,2013-05-16,217,"pira","wet",7.7722860896,0.1295785684,288.21798296,1.4743234096,1.154685955,24.44714775,393.44691772,30.7,1,-0.405,-0.87
2013-05-16,2013-05-16,256,"pira","dry",-0.1628767198,-0.0061284834,349.83933596,-0.0798218,1.275072854,24.810565566,400.11816408,2,1,-2.26,-2.76
2013-05-16,2013-05-16,307,"pira","wet",5.9320016794,0.312713634,355.46311224,2.1560422726,0.7396922102,24.214116668,392.75669556,27.0533333333333,1,-0.39,-0.875
2013-05-16,2013-05-16,359,"pira","dry",-0.1404166222,0.0066150968,420.42899878,0.1388995946,2.069825496,25.191203308,400.45504152,2,1,-2.42,-2.66
2013-05-16,2013-05-16,415,"pira","wet",17.611013444,0.3570144106,294.28160892,5.2692705732,1.5702988318,25.086923598,387.6544861,27.0533333333333,1,-0.22,-1.224
2013-05-16,2013-05-16,517,"pira","wet",17.32567971,0.303374329,283.7102765,4.0548626604,1.4068729336,24.165213774,388.4319214,27.0533333333333,1,-0.445,-1.06
2013-05-16,2013-05-16,567,"pira","dry",-0.5062134328,0.004603301,561.32427454,0.090994301,1.9401779718,25.855979156,400.29162598,3,1,-2.38,-2.82
2013-05-16,2013-05-16,619,"pira","wet",20.239653936,0.3562046776,280.98787184,5.3509146444,1.5994194714,24.93182564,387.18934328,27.0533333333333,1,-0.7,-1
2013-05-16,2013-05-16,664,"pira","dry",-0.7746445006,0.006645221,578.18643592,0.1297447962,1.92439702,24.175414656,401.08150634,1,1,-2.68,-2.83
